start_date,end_date,query,clicks,impressions,ctr,position
2024-05-01,2024-05-07,best city in mexico for dental work,0,1,0,57
2024-05-01,2024-05-07,best dentist in mexico,0,1,0,96
2024-05-01,2024-05-07,best dentist mexico,0,1,0,98
2024-05-01,2024-05-07,best hotels in zona rosa mexico city,0,2,0,80.5
2024-05-01,2024-05-07,dentist in mexico city,0,1,0,47
2024-05-01,2024-05-07,dentist mexico city,0,1,0,45
2024-05-01,2024-05-07,mexico city dental tourism,0,1,0,20
2024-05-01,2024-05-07,mexico city dentist,0,1,0,53
2024-05-01,2024-05-07,top dental cities in mexico,0,1,0,58
2024-05-08,2024-05-14,best city in mexico for dental work,0,4,0,72.5
2024-05-08,2024-05-14,best dentist in mexico,0,12,0,97.66666666666667
2024-05-08,2024-05-14,best dentist in mexico city,0,1,0,43
2024-05-08,2024-05-14,best dentist mexico,0,1,0,101
2024-05-08,2024-05-14,best dentists in mexico,0,1,0,93
2024-05-08,2024-05-14,best hotels in polanco,0,2,0,78
2024-05-08,2024-05-14,best hotels in roma norte,0,1,0,43
2024-05-08,2024-05-14,best hotels in zona rosa mexico city,0,2,0,70
2024-05-08,2024-05-14,best hotels polanco,0,1,0,89
2024-05-08,2024-05-14,best hotels polanco mexico city,0,1,0,76
2024-05-08,2024-05-14,best hotels roma norte,0,1,0,48
2024-05-08,2024-05-14,dental mexico city,0,2,0,65
2024-05-08,2024-05-14,dentist in mexico city,0,6,0,64.33333333333334
2024-05-08,2024-05-14,dentist mexico city,0,4,0,48.5
2024-05-08,2024-05-14,dentists in mexico city,0,3,0,42.333333333333336
2024-05-08,2024-05-14,hotel near mexico city's top neighborhoods,0,1,0,100
2024-05-08,2024-05-14,hotel prim mexico,0,1,0,60
2024-05-08,2024-05-14,mexico city dental,0,2,0,89.5
2024-05-08,2024-05-14,mexico city dental tourism,0,11,0,43.63636363636363
2024-05-08,2024-05-14,mexico city dentist,0,3,0,58
2024-05-08,2024-05-14,top dental cities in mexico,0,4,0,72.75
2024-05-08,2024-05-14,top dentist in mexico,0,2,0,97
2024-05-08,2024-05-14,top hotels polanco,0,2,0,93.5
2024-05-15,2024-05-21,best dentist in mexico,0,11,0,97.81818181818181
2024-05-15,2024-05-21,best dentist in mexico city,0,2,0,48
2024-05-15,2024-05-21,best dentist mexico city,0,2,0,36.5
2024-05-15,2024-05-21,best dentists in mexico,0,2,0,97.5
2024-05-15,2024-05-21,best hotels in polanco,0,1,0,87
2024-05-15,2024-05-21,best hotels in roma norte mexico city,0,1,0,60
2024-05-15,2024-05-21,best hotels in zona rosa mexico city,0,3,0,78
2024-05-15,2024-05-21,best hotels polanco,0,1,0,94
2024-05-15,2024-05-21,dentist in mexico city,0,10,0,61.1
2024-05-15,2024-05-21,dentist mexico city,0,5,0,45.6
2024-05-15,2024-05-21,dentists in mexico city,0,2,0,48
2024-05-15,2024-05-21,mexico city dental,0,1,0,65
2024-05-15,2024-05-21,mexico city dental tourism,0,5,0,41
2024-05-15,2024-05-21,mexico city dentist,0,1,0,54
2024-05-15,2024-05-21,nicest hotels in mexico city,0,1,0,93
2024-05-15,2024-05-21,oasis terrace dental,0,1,0,73
2024-05-15,2024-05-21,top dental cities in mexico,0,3,0,68.66666666666667
2024-05-15,2024-05-21,veneers in mexico city,0,1,0,84
2024-05-15,2024-05-21,veneers mexico city,0,1,0,86
2024-05-22,2024-05-28,best city in mexico for dental work,0,1,0,95
2024-05-22,2024-05-28,best dentist in mexico city,0,1,0,42
2024-05-22,2024-05-28,best dentist mexico city,0,2,0,40
2024-05-22,2024-05-28,best dentists in mexico,0,1,0,97
2024-05-22,2024-05-28,best hotels in roma norte mexico city,0,1,0,58
2024-05-22,2024-05-28,best hotels in zona rosa mexico city,0,3,0,78.66666666666667
2024-05-22,2024-05-28,best hotels mexico city roma norte,0,1,0,62
2024-05-22,2024-05-28,dental tourism mexico city,0,2,0,38.5
2024-05-22,2024-05-28,dentist in mexico city,0,7,0,65.85714285714286
2024-05-22,2024-05-28,dentist mexico city,0,3,0,45.666666666666664
2024-05-22,2024-05-28,mexico city dental tourism,0,7,0,40.142857142857146
2024-05-22,2024-05-28,mexico city dentist,0,1,0,64
2024-05-22,2024-05-28,top dental cities in mexico,0,6,0,72.16666666666667
2024-05-22,2024-05-28,veneers in mexico city,0,1,0,93
2024-05-29,2024-06-04,best dentist in mexico,0,3,0,97.33333333333333
2024-05-29,2024-06-04,best dentist in mexico city,0,2,0,43
2024-05-29,2024-06-04,best dentist mexico city,0,1,0,41
2024-05-29,2024-06-04,best dentists in mexico,0,4,0,94.25
2024-05-29,2024-06-04,best hotels in polanco,0,1,0,94
2024-05-29,2024-06-04,best hotels in roma norte mexico city,0,1,0,57
2024-05-29,2024-06-04,best hotels roma norte mexico city,0,1,0,52
2024-05-29,2024-06-04,dental tourism mexico city,0,1,0,28
2024-05-29,2024-06-04,dentist in mexico city,0,10,0,59.6
2024-05-29,2024-06-04,dentist mexico city,0,3,0,50.333333333333336
2024-05-29,2024-06-04,mexico city dental,0,1,0,64
2024-05-29,2024-06-04,mexico city dental tourism,0,6,0,46.333333333333336
2024-05-29,2024-06-04,mexico city dentist,0,2,0,51
2024-05-29,2024-06-04,top dental cities in mexico,0,4,0,76.5
2024-05-29,2024-06-04,zona rosa dental,0,1,0,51
2024-06-05,2024-06-11,best dentist in mexico,0,1,0,101
2024-06-05,2024-06-11,dental tourism mexico city,0,1,0,40
2024-06-05,2024-06-11,dentist in mexico city,0,11,0,60.81818181818182
2024-06-05,2024-06-11,dentist mexico city,0,4,0,47.5
2024-06-05,2024-06-11,dentists in mexico city,0,1,0,46
2024-06-05,2024-06-11,mexico city dental,0,1,0,64
2024-06-05,2024-06-11,mexico city dental tourism,0,9,0,50.666666666666664
2024-06-05,2024-06-11,mexico city dentist,0,2,0,75
2024-06-05,2024-06-11,top dental cities in mexico,0,4,0,69
2024-06-05,2024-06-11,veneers in mexico city,0,1,0,72
2024-06-12,2024-06-18,best city in mexico for dental work,0,4,0,66.75
2024-06-12,2024-06-18,best dental tourism mexico,0,1,0,77
2024-06-12,2024-06-18,best dentist in mexico,0,4,0,101.25
2024-06-12,2024-06-18,best dentist in mexico city,0,1,0,40
2024-06-12,2024-06-18,best dentists in mexico,0,9,0,96.44444444444444
2024-06-12,2024-06-18,best hotels in polanco,0,4,0,77.5
2024-06-12,2024-06-18,best hotels in polanco mexico city,0,7,0,89.57142857142857
2024-06-12,2024-06-18,best hotels in zona rosa mexico city,0,1,0,73
2024-06-12,2024-06-18,best hotels polanco,0,4,0,79.5
2024-06-12,2024-06-18,best hotels polanco mexico city,0,2,0,80
2024-06-12,2024-06-18,dental implants in mexico city,0,2,0,96
2024-06-12,2024-06-18,dental tourism mexico city,0,1,0,18
2024-06-12,2024-06-18,dental tourists,0,1,0,89
2024-06-12,2024-06-18,dentist in mexico city,0,8,0,48
2024-06-12,2024-06-18,dentist mexico city,0,4,0,39.5
2024-06-12,2024-06-18,dentists in mexico city,0,3,0,40.666666666666664
2024-06-12,2024-06-18,hotel near mexico city's top neighborhoods,0,1,0,86
2024-06-12,2024-06-18,hotel prim mexico,0,1,0,73
2024-06-12,2024-06-18,mexico city dental,0,4,0,48.5
2024-06-12,2024-06-18,mexico city dental tourism,0,5,0,33
2024-06-12,2024-06-18,mexico city dentist,0,3,0,51.666666666666664
2024-06-12,2024-06-18,top dental cities in mexico,0,6,0,57.333333333333336
2024-06-12,2024-06-18,veneers in mexico city,0,2,0,86.5
2024-06-19,2024-06-25,best city in mexico for dental work,0,4,0,64.25
2024-06-19,2024-06-25,best dentist in mexico,0,1,0,101
2024-06-19,2024-06-25,best dentist in mexico city,0,1,0,44
2024-06-19,2024-06-25,best dentists in mexico,0,9,0,93.88888888888889
2024-06-19,2024-06-25,best hotels in polanco,0,3,0,69.33333333333333
2024-06-19,2024-06-25,best hotels in polanco mexico city,0,2,0,89
2024-06-19,2024-06-25,best hotels polanco,0,1,0,62
2024-06-19,2024-06-25,dentist in mexico city,0,10,0,55.8
2024-06-19,2024-06-25,dentist mexico city,0,5,0,37
2024-06-19,2024-06-25,dentists in mexico city,0,2,0,40.5
2024-06-19,2024-06-25,mexico city dental,0,1,0,46
2024-06-19,2024-06-25,mexico city dental tourism,0,9,0,30.666666666666668
2024-06-19,2024-06-25,mexico city dentist,0,2,0,41.5
2024-06-19,2024-06-25,mexico dental tourism hotels,0,6,0,7.833333333333333
2024-06-19,2024-06-25,top dental cities in mexico,0,5,0,61.2
2024-06-19,2024-06-25,veneers in mexico city,0,2,0,88
2024-06-19,2024-06-25,veneers mexico city,0,1,0,46
2024-06-19,2024-06-25,zona rosa dental,0,3,0,62.666666666666664
2024-06-26,2024-07-02,best city in mexico for dental work,0,2,0,69
2024-06-26,2024-07-02,best dentist mexico city,0,1,0,37
2024-06-26,2024-07-02,best dentists in mexico,0,10,0,91.4
2024-06-26,2024-07-02,best dentists in mexico city,0,1,0,42
2024-06-26,2024-07-02,best hotels in polanco mexico city,0,3,0,84.66666666666667
2024-06-26,2024-07-02,best hotels in roma norte,0,8,0,46.625
2024-06-26,2024-07-02,best hotels in roma norte mexico city,0,1,0,59
2024-06-26,2024-07-02,dental implants mexico city,0,1,0,95
2024-06-26,2024-07-02,dental tourism packages in mexico,0,4,0,97.5
2024-06-26,2024-07-02,dentist in mexico city,0,4,0,47.5
2024-06-26,2024-07-02,dentist mexico city,0,4,0,41.25
2024-06-26,2024-07-02,dentists in mexico city,0,1,0,40
2024-06-26,2024-07-02,medical tourism mexico city,0,1,0,74
2024-06-26,2024-07-02,mexico city dental tourism,0,5,0,30.8
2024-06-26,2024-07-02,mexico city dentist,0,1,0,47
2024-06-26,2024-07-02,mexico dental tourism hotels,0,16,0,13.5
2024-06-26,2024-07-02,top dental cities in mexico,0,6,0,61.5
2024-06-26,2024-07-02,veneers mexico city,0,1,0,80
2024-06-26,2024-07-02,zona rosa dental,0,1,0,63
2024-07-03,2024-07-09,best city in mexico for dental work,0,3,0,62
2024-07-03,2024-07-09,best dentist in mexico,0,2,0,93.5
2024-07-03,2024-07-09,best dentist in mexico city,0,1,0,46
2024-07-03,2024-07-09,best dentist mexico city,0,1,0,45
2024-07-03,2024-07-09,best dentists in mexico,0,3,0,94
2024-07-03,2024-07-09,best hotels in polanco mexico city,0,1,0,94
2024-07-03,2024-07-09,best hotels in roma norte,0,7,0,50
2024-07-03,2024-07-09,best hotels in roma norte mexico city,0,10,0,59.7
2024-07-03,2024-07-09,best hotels in zona rosa mexico city,0,1,0,74
2024-07-03,2024-07-09,best hotels roma norte,0,2,0,48.5
2024-07-03,2024-07-09,best hotels roma norte mexico city,0,6,0,54.833333333333336
2024-07-03,2024-07-09,dental tourism mexico city,0,1,0,23
2024-07-03,2024-07-09,dental tourism packages in mexico,0,4,0,96.25
2024-07-03,2024-07-09,dentist in mexico city,0,1,0,65
2024-07-03,2024-07-09,dentist mexico city,0,5,0,47.4
2024-07-03,2024-07-09,dentist town mexico,0,2,0,91
2024-07-03,2024-07-09,mexico city dental,0,2,0,50.5
2024-07-03,2024-07-09,mexico city dental tourism,0,3,0,30
2024-07-03,2024-07-09,mexico city dentist,0,2,0,40.5
2024-07-03,2024-07-09,mexico dental tourism hotels,0,8,0,11
2024-07-03,2024-07-09,mexico dentist town,0,3,0,96.66666666666667
2024-07-03,2024-07-09,top dental cities in mexico,0,7,0,60.714285714285715
2024-07-10,2024-07-16,best city in mexico for dental work,0,1,0,69
2024-07-10,2024-07-16,best dental in mexico,0,1,0,94
2024-07-10,2024-07-16,best dentist in mexico,0,4,0,92.5
2024-07-10,2024-07-16,best dentist in mexico city,0,2,0,47
2024-07-10,2024-07-16,best dentist mexico,0,1,0,102
2024-07-10,2024-07-16,best dentists in mexico city,0,1,0,36
2024-07-10,2024-07-16,best hotels in polanco mexico city,0,3,0,93
2024-07-10,2024-07-16,best hotels in roma norte,0,7,0,47.857142857142854
2024-07-10,2024-07-16,best hotels in roma norte mexico city,0,13,0,53.76923076923077
2024-07-10,2024-07-16,best hotels in zona rosa mexico city,0,1,0,74
2024-07-10,2024-07-16,best hotels mexico city roma norte,0,1,0,55
2024-07-10,2024-07-16,best hotels roma norte mexico city,0,5,0,53.6
2024-07-10,2024-07-16,best roma norte hotels,0,1,0,55
2024-07-10,2024-07-16,dental tourism mexico city,0,1,0,20
2024-07-10,2024-07-16,dentist in mexico city,0,7,0,67.28571428571429
2024-07-10,2024-07-16,dentist mexico city,0,3,0,45.333333333333336
2024-07-10,2024-07-16,dentists in mexico city,0,1,0,44
2024-07-10,2024-07-16,mexico city dental tourism,0,6,0,32.33333333333333
2024-07-10,2024-07-16,mexico dental tourism hotels,0,3,0,10.333333333333334
2024-07-10,2024-07-16,mexico dentist city,0,2,0,79
2024-07-10,2024-07-16,mexico dentist town,0,3,0,86.66666666666667
2024-07-10,2024-07-16,top dental cities in mexico,0,6,0,62.333333333333336
2024-07-10,2024-07-16,top hotels polanco,0,1,0,92
2024-07-10,2024-07-16,veneers mexico city,0,1,0,10
2024-07-17,2024-07-23,best city in mexico for dental work,0,3,0,68.66666666666667
2024-07-17,2024-07-23,best dental tourism mexico,0,1,0,78
2024-07-17,2024-07-23,best dentist in mexico,0,1,0,99
2024-07-17,2024-07-23,best dentist in mexico city,0,1,0,47
2024-07-17,2024-07-23,best dentist mexico city,0,1,0,41
2024-07-17,2024-07-23,best dentists in mexico,0,3,0,97.66666666666667
2024-07-17,2024-07-23,best dentists in mexico city,0,1,0,36
2024-07-17,2024-07-23,best hotels in polanco mexico city,0,6,0,84.16666666666667
2024-07-17,2024-07-23,best hotels in roma norte,0,5,0,45.4
2024-07-17,2024-07-23,best hotels in roma norte mexico city,0,12,0,57.333333333333336
2024-07-17,2024-07-23,best hotels roma norte mexico city,0,5,0,56.4
2024-07-17,2024-07-23,boutique hotels roma norte mexico city,0,1,0,95
2024-07-17,2024-07-23,dental implants in mexico city,0,1,0,6
2024-07-17,2024-07-23,dental tourism mexico city,0,1,0,22
2024-07-17,2024-07-23,dentist in mexico city,0,9,0,60.111111111111114
2024-07-17,2024-07-23,dentist mexico city,0,6,0,40.5
2024-07-17,2024-07-23,dentist town mexico,0,1,0,91
2024-07-17,2024-07-23,dentists in mexico city,0,1,0,47
2024-07-17,2024-07-23,mexico city dental,0,1,0,58
2024-07-17,2024-07-23,mexico city dental tourism,0,6,0,29
2024-07-17,2024-07-23,mexico city dentist,0,1,0,45
2024-07-17,2024-07-23,mexico dental tourism hotels,0,1,0,10
2024-07-17,2024-07-23,mexico dentist city,0,7,0,77.28571428571429
2024-07-17,2024-07-23,mexico dentist town,0,3,0,92
2024-07-17,2024-07-23,top dental cities in mexico,0,6,0,61.5
2024-07-24,2024-07-30,best city in mexico for dental work,0,9,0,63.666666666666664
2024-07-24,2024-07-30,best dentist in mexico city,0,1,0,47
2024-07-24,2024-07-30,best dentists in mexico,0,9,0,94.77777777777777
2024-07-24,2024-07-30,best dentists in mexico city,0,4,0,40.25
2024-07-24,2024-07-30,best hotels in mexico city roma norte,0,1,0,61
2024-07-24,2024-07-30,best hotels in polanco,0,1,0,75
2024-07-24,2024-07-30,best hotels in polanco mexico city,0,4,0,73
2024-07-24,2024-07-30,best hotels in roma norte,0,4,0,48.25
2024-07-24,2024-07-30,best hotels in roma norte mexico city,0,14,0,57.07142857142857
2024-07-24,2024-07-30,best hotels mexico city roma norte,0,1,0,51
2024-07-24,2024-07-30,best hotels roma norte mexico city,0,5,0,53.4
2024-07-24,2024-07-30,dental tourism mexico city,0,1,0,22
2024-07-24,2024-07-30,dental town mexico,0,1,0,97
2024-07-24,2024-07-30,dentist in mexico city,0,6,0,68.16666666666667
2024-07-24,2024-07-30,dentist mexico city,0,3,0,49.666666666666664
2024-07-24,2024-07-30,dentist town mexico,0,1,0,94
2024-07-24,2024-07-30,hotel prim mexico,0,1,0,61
2024-07-24,2024-07-30,mexico city dental tourism,0,8,0,27
2024-07-24,2024-07-30,mexico city dentist,0,2,0,50.5
2024-07-24,2024-07-30,mexico dental tourism hotels,0,1,0,10
2024-07-24,2024-07-30,mexico dental town,0,1,0,100
2024-07-24,2024-07-30,mexico dentist town,0,1,0,102
2024-07-24,2024-07-30,top dental cities in mexico,0,7,0,61.42857142857143
2024-07-24,2024-07-30,top hotels polanco,0,1,0,92
2024-07-31,2024-08-06,best city in mexico for dental work,0,6,0,52.333333333333336
2024-07-31,2024-08-06,best dental in mexico,0,2,0,84
2024-07-31,2024-08-06,best dentist in mexico,0,8,0,87
2024-07-31,2024-08-06,best dentist in mexico city,0,1,0,39
2024-07-31,2024-08-06,best dentist mexico,0,6,0,91.16666666666667
2024-07-31,2024-08-06,best dentist mexico city,0,2,0,36
2024-07-31,2024-08-06,best dentists in mexico,0,10,0,80.3
2024-07-31,2024-08-06,best dentists in mexico city,0,3,0,49
2024-07-31,2024-08-06,best dentists mexico,0,8,0,71.125
2024-07-31,2024-08-06,best hotels in mexico city roma norte,0,1,0,49
2024-07-31,2024-08-06,best hotels in polanco,0,4,0,66.75
2024-07-31,2024-08-06,best hotels in polanco mexico city,0,1,0,69
2024-07-31,2024-08-06,best hotels in roma norte,0,8,0,45.5
2024-07-31,2024-08-06,best hotels in roma norte mexico city,0,13,0,55.76923076923077
2024-07-31,2024-08-06,best hotels polanco,0,3,0,74
2024-07-31,2024-08-06,best hotels roma norte mexico city,0,6,0,52.5
2024-07-31,2024-08-06,dental implants in mexico city,0,2,0,88
2024-07-31,2024-08-06,dental tourism mexico city,0,1,0,21
2024-07-31,2024-08-06,dental tourism packages in mexico,0,1,0,66
2024-07-31,2024-08-06,dentist in mexico city,0,12,0,51.916666666666664
2024-07-31,2024-08-06,dentist mexico city,0,9,0,40.55555555555556
2024-07-31,2024-08-06,dentist town mexico,0,2,0,92
2024-07-31,2024-08-06,dentists in mexico city,0,3,0,42
2024-07-31,2024-08-06,hotel near mexico city's top neighborhoods,0,1,0,87
2024-07-31,2024-08-06,mexican dentist town,0,1,0,79
2024-07-31,2024-08-06,mexico city dental,0,3,0,38.666666666666664
2024-07-31,2024-08-06,mexico city dental tourism,0,5,0,25.8
2024-07-31,2024-08-06,mexico city dentist,0,2,0,37
2024-07-31,2024-08-06,mexico city dentist prices,0,1,0,80
2024-07-31,2024-08-06,mexico city dentists,0,1,0,57
2024-07-31,2024-08-06,mexico dental tourism hotels,0,1,0,6
2024-07-31,2024-08-06,mexico dental town,0,2,0,95
2024-07-31,2024-08-06,mexico dentist town,0,5,0,89.2
2024-07-31,2024-08-06,top dental cities in mexico,0,2,0,47
2024-07-31,2024-08-06,top hotels polanco,0,1,0,88
2024-07-31,2024-08-06,veneers cost in mexico city,0,1,0,84
2024-07-31,2024-08-06,veneers mexico city,0,1,0,40
2024-08-07,2024-08-13,best city in mexico for dental work,0,8,0,56.125
2024-08-07,2024-08-13,best dentist in mexico,0,3,0,101.33333333333333
2024-08-07,2024-08-13,best dentist in mexico city,0,3,0,48.666666666666664
2024-08-07,2024-08-13,best dentist mexico,0,13,0,96.3076923076923
2024-08-07,2024-08-13,best dentists in mexico,0,11,0,84.18181818181819
2024-08-07,2024-08-13,best dentists in mexico city,0,3,0,45
2024-08-07,2024-08-13,best dentists mexico,0,2,0,78.5
2024-08-07,2024-08-13,best hotels in polanco,0,3,0,77.33333333333333
2024-08-07,2024-08-13,best hotels in polanco mexico city,0,3,0,79.33333333333333
2024-08-07,2024-08-13,best hotels in roma norte,0,6,0,54.333333333333336
2024-08-07,2024-08-13,best hotels in roma norte mexico city,0,5,0,67.8
2024-08-07,2024-08-13,best hotels roma norte mexico city,0,5,0,67.6
2024-08-07,2024-08-13,dental implants in mexico city,0,6,0,88
2024-08-07,2024-08-13,dental tourism mexico city,0,1,0,18
2024-08-07,2024-08-13,dental tourism packages in mexico,0,1,0,72
2024-08-07,2024-08-13,dentist in mexico city,0,8,0,55.75
2024-08-07,2024-08-13,dentist mexico city,0,3,0,46.666666666666664
2024-08-07,2024-08-13,dentists in mexico city,0,3,0,50.333333333333336
2024-08-07,2024-08-13,hotel near mexico city's top neighborhoods,0,1,0,103
2024-08-07,2024-08-13,mexico city dental implants,0,3,0,76
2024-08-07,2024-08-13,mexico city dental tourism,0,5,0,25.8
2024-08-07,2024-08-13,mexico city dentist,0,4,0,52.75
2024-08-07,2024-08-13,mexico dental tourism hotels,0,1,0,6
2024-08-07,2024-08-13,top dental cities in mexico,0,6,0,47.666666666666664
2024-08-07,2024-08-13,veneers mexico city,0,2,0,45.5
2024-08-07,2024-08-13,zona rosa dental,0,2,0,45
2024-08-14,2024-08-20,best city in mexico for dental work,0,9,0,52.55555555555556
2024-08-14,2024-08-20,best dental tourism mexico,0,1,0,63
2024-08-14,2024-08-20,best dentist in mexico,0,1,0,93
2024-08-14,2024-08-20,best dentist mexico,0,12,0,97.75
2024-08-14,2024-08-20,best dentists in mexico,0,2,0,86
2024-08-14,2024-08-20,best dentists in mexico city,0,3,0,40
2024-08-14,2024-08-20,best hotel in polanco mexico city,0,1,0,80
2024-08-14,2024-08-20,best hotels in polanco,0,2,0,73.5
2024-08-14,2024-08-20,best hotels in polanco mexico city,0,2,0,99
2024-08-14,2024-08-20,best hotels in roma norte,0,4,0,56.75
2024-08-14,2024-08-20,best hotels in roma norte mexico city,0,2,0,60.5
2024-08-14,2024-08-20,best hotels polanco,0,2,0,78
2024-08-14,2024-08-20,best hotels roma norte,0,1,0,52
2024-08-14,2024-08-20,cosmetic dentistry in mexico city,0,2,0,65.5
2024-08-14,2024-08-20,dental implants in mexico city,0,7,0,89.42857142857143
2024-08-14,2024-08-20,dental tourism mexico city,0,2,0,19.5
2024-08-14,2024-08-20,dental tourism packages in mexico,0,3,0,68
2024-08-14,2024-08-20,dentist in mexico city,0,13,0,53.69230769230769
2024-08-14,2024-08-20,dentist mexico city,0,5,0,47.2
2024-08-14,2024-08-20,hotel near mexico city's top neighborhoods,0,1,0,100
2024-08-14,2024-08-20,mexican dentist town,0,1,0,86
2024-08-14,2024-08-20,mexico city dental implants,0,1,0,78
2024-08-14,2024-08-20,mexico city dental tourism,0,7,0,28.142857142857142
2024-08-14,2024-08-20,mexico city dentist prices,0,1,0,80
2024-08-14,2024-08-20,top dental cities in mexico,0,5,0,47.2
2024-08-21,2024-08-27,best city in mexico for dental work,0,16,0,50
2024-08-21,2024-08-27,best dental clinics in mexico city,0,2,0,57
2024-08-21,2024-08-27,best dental in mexico,0,3,0,94
2024-08-21,2024-08-27,best dental tourism mexico,0,2,0,57.5
2024-08-21,2024-08-27,best dentist mexico,0,7,0,96.14285714285714
2024-08-21,2024-08-27,best dentists in mexico,0,5,0,84.4
2024-08-21,2024-08-27,best dentists in mexico city,0,1,0,51
2024-08-21,2024-08-27,best dentists mexico,0,1,0,74
2024-08-21,2024-08-27,best hotels in mexico city roma norte,0,1,0,70
2024-08-21,2024-08-27,best hotels in polanco,0,2,0,84.5
2024-08-21,2024-08-27,best hotels in polanco mexico city,0,9,0,78.55555555555556
2024-08-21,2024-08-27,best hotels in roma norte,0,2,0,58
2024-08-21,2024-08-27,best hotels mexico city roma norte,0,1,0,72
2024-08-21,2024-08-27,best hotels polanco,0,1,0,70
2024-08-21,2024-08-27,best hotels polanco mexico city,0,1,0,82
2024-08-21,2024-08-27,beverly hills of mexico city,0,2,0,60.5
2024-08-21,2024-08-27,cosmetic dentistry in mexico city,0,1,0,91
2024-08-21,2024-08-27,dental implants in mexico city,0,5,0,94.8
2024-08-21,2024-08-27,dental resort mexico,0,1,0,65
2024-08-21,2024-08-27,dental tourism in mexico,0,2,0,86
2024-08-21,2024-08-27,dental tourism packages in mexico,0,1,0,74
2024-08-21,2024-08-27,dentist in mexico city,0,4,0,52.25
2024-08-21,2024-08-27,dentist mexico city,0,6,0,53.166666666666664
2024-08-21,2024-08-27,dentists in mexico city,0,1,0,39
2024-08-21,2024-08-27,hotel near mexico city's top neighborhoods,0,1,0,102
2024-08-21,2024-08-27,luxury hotels in polanco mexico city,0,1,0,103
2024-08-21,2024-08-27,mexican dentist town,0,2,0,77.5
2024-08-21,2024-08-27,mexico as dental holiday destination,0,1,0,74
2024-08-21,2024-08-27,mexico city dental implants,0,4,0,80
2024-08-21,2024-08-27,mexico city dental tourism,0,7,0,24.857142857142858
2024-08-21,2024-08-27,mexico city dentist,0,1,0,49
2024-08-21,2024-08-27,mexico dental tourism hotels,0,1,0,10
2024-08-21,2024-08-27,top dental cities in mexico,0,9,0,45.77777777777778
2024-08-21,2024-08-27,veneers cost in mexico city,0,1,0,85
2024-08-21,2024-08-27,veneers cost mexico city,0,1,0,81
2024-08-28,2024-09-03,best city in mexico for dental work,0,24,0,49.208333333333336
2024-08-28,2024-09-03,best dental in mexico,0,1,0,100
2024-08-28,2024-09-03,best dental tourism mexico,0,3,0,60
2024-08-28,2024-09-03,best dentist in mexico city,0,1,0,53
2024-08-28,2024-09-03,best dentist mexico city,0,1,0,46
2024-08-28,2024-09-03,best dentists mexico,0,1,0,100
2024-08-28,2024-09-03,best hotels in polanco mexico city,0,12,0,80.83333333333333
2024-08-28,2024-09-03,best hotels in roma norte,0,3,0,57.666666666666664
2024-08-28,2024-09-03,best hotels polanco mexico city,0,1,0,66
2024-08-28,2024-09-03,best hotels roma norte,0,1,0,51
2024-08-28,2024-09-03,best place in mexico for dental implants,0,1,0,71
2024-08-28,2024-09-03,cosmetic dentistry in mexico city,0,1,0,61
2024-08-28,2024-09-03,dental resort mexico,0,1,0,37
2024-08-28,2024-09-03,dental tourism in mexico,0,10,0,86.2
2024-08-28,2024-09-03,dental tourism mexico city,0,8,0,12.5
2024-08-28,2024-09-03,dental tourism packages in mexico,0,3,0,60.666666666666664
2024-08-28,2024-09-03,dentist in mexico city,0,2,0,51.5
2024-08-28,2024-09-03,dentist mexico city,0,1,0,50
2024-08-28,2024-09-03,dentists mexico city,0,1,0,52
2024-08-28,2024-09-03,mexican dentist town,0,1,0,96
2024-08-28,2024-09-03,mexico as dental holiday destination,0,5,0,71.4
2024-08-28,2024-09-03,mexico city dental tourism,0,11,0,19.818181818181817
2024-08-28,2024-09-03,mexico city dentist prices,0,1,0,83
2024-08-28,2024-09-03,mexico dental tourism hotels,0,3,0,9.333333333333334
2024-08-28,2024-09-03,top dental cities in mexico,0,13,0,48.84615384615385
2024-08-28,2024-09-03,veneers in mexico city,0,1,0,53
2024-08-28,2024-09-03,veneers mexico city,0,1,0,49
2024-09-04,2024-09-10,best city in mexico for dental work,0,18,0,48.77777777777778
2024-09-04,2024-09-10,best dental in mexico,0,1,0,94
2024-09-04,2024-09-10,best dental tourism mexico,0,1,0,60
2024-09-04,2024-09-10,best dentist mexico city,0,1,0,52
2024-09-04,2024-09-10,best dentists in mexico city,0,1,0,53
2024-09-04,2024-09-10,best dentists mexico,0,1,0,102
2024-09-04,2024-09-10,best hotels in polanco,0,2,0,86.5
2024-09-04,2024-09-10,best hotels in polanco mexico city,0,15,0,81.06666666666666
2024-09-04,2024-09-10,best hotels polanco mexico city,0,1,0,72
2024-09-04,2024-09-10,cosmetic dentistry in mexico city,0,4,0,72.75
2024-09-04,2024-09-10,dental tourism in mexico,0,19,0,88.36842105263158
2024-09-04,2024-09-10,dental tourism mexico city,0,6,0,13
2024-09-04,2024-09-10,dentist mexico city,0,1,0,47
2024-09-04,2024-09-10,dentists mexico city,0,1,0,46
2024-09-04,2024-09-10,hotel near mexico city's top neighborhoods,0,1,0,91
2024-09-04,2024-09-10,mexico as dental holiday destination,0,9,0,75.22222222222223
2024-09-04,2024-09-10,mexico city dental implants,0,1,0,76
2024-09-04,2024-09-10,mexico city dental tourism,0,10,0,17.2
2024-09-04,2024-09-10,mexico city financial district hotel,0,1,0,92
2024-09-04,2024-09-10,mexico dental tourism hotels,0,1,0,6
2024-09-04,2024-09-10,top dental cities in mexico,0,8,0,49.25
2024-09-04,2024-09-10,veneers cost in mexico city,0,1,0,77
2024-09-04,2024-09-10,veneers cost mexico city,0,1,0,86
2024-09-04,2024-09-10,veneers mexico city,0,1,0,47
2024-09-11,2024-09-17,best city in mexico for dental work,0,12,0,50.583333333333336
2024-09-11,2024-09-17,best dental tourism mexico,0,1,0,74
2024-09-11,2024-09-17,best dentist in mexico city,0,1,0,51
2024-09-11,2024-09-17,best dentists in mexico,0,3,0,98.66666666666667
2024-09-11,2024-09-17,best hotel in polanco mexico city,0,1,0,80
2024-09-11,2024-09-17,best hotels in polanco,0,1,0,97
2024-09-11,2024-09-17,best hotels in polanco mexico city,0,5,0,78
2024-09-11,2024-09-17,best place in mexico for dental implants,0,4,0,89.5
2024-09-11,2024-09-17,dental resort mexico,0,1,0,56
2024-09-11,2024-09-17,dental tourism mexico city,0,7,0,11.571428571428571
2024-09-11,2024-09-17,mexico as dental holiday destination,0,3,0,75.66666666666667
2024-09-11,2024-09-17,mexico city dental tourism,0,6,0,18.166666666666668
2024-09-11,2024-09-17,mexico city dentist prices,0,1,0,85
2024-09-11,2024-09-17,mexico city financial district hotel,0,2,0,84
2024-09-11,2024-09-17,mexico dental tourism hotels,0,1,0,9
2024-09-11,2024-09-17,mexico dentist town,0,1,0,89
2024-09-11,2024-09-17,top dental cities in mexico,0,7,0,58.142857142857146
2024-09-11,2024-09-17,top hotels polanco,0,2,0,87.5
2024-09-11,2024-09-17,veneers cost in mexico city,0,3,0,85.33333333333333
2024-09-11,2024-09-17,veneers cost mexico city,0,4,0,86.5
2024-09-11,2024-09-17,veneers in mexico city,0,1,0,45
2024-09-11,2024-09-17,veneers mexico city,0,1,0,42
2024-09-18,2024-09-24,best city in mexico for dental work,0,8,0,54.375
2024-09-18,2024-09-24,best dental tourism mexico,0,1,0,76
2024-09-18,2024-09-24,best dentists in mexico,0,3,0,99
2024-09-18,2024-09-24,best dentists in mexico city,0,2,0,51
2024-09-18,2024-09-24,best hotels in polanco mexico city,0,6,0,72
2024-09-18,2024-09-24,best hotels polanco mexico city,0,3,0,79.33333333333333
2024-09-18,2024-09-24,best place in mexico for dental implants,0,2,0,98
2024-09-18,2024-09-24,dental tourism mexico city,0,14,0,11.785714285714286
2024-09-18,2024-09-24,dental tourism packages in mexico,0,1,0,79
2024-09-18,2024-09-24,dentist mexico city,0,1,0,54
2024-09-18,2024-09-24,dentist town mexico,0,2,0,73
2024-09-18,2024-09-24,mexico city dental implants,0,1,0,94
2024-09-18,2024-09-24,mexico city dental tourism,0,8,0,14
2024-09-18,2024-09-24,mexico city financial district hotel,0,3,0,84
2024-09-18,2024-09-24,mexico dental tourism hotels,0,1,0,9
2024-09-18,2024-09-24,mexico dentist city,0,1,0,68
2024-09-18,2024-09-24,mexico dentist town,0,5,0,82.2
2024-09-18,2024-09-24,top dental cities in mexico,0,10,0,66.6
2024-09-18,2024-09-24,veneers cost in mexico city,0,1,0,81
2024-09-18,2024-09-24,veneers cost mexico city,0,5,0,83.6
2024-09-18,2024-09-24,veneers mexico city,0,2,0,46
2024-09-25,2024-10-01,best city in mexico for dental work,0,9,0,54.333333333333336
2024-09-25,2024-10-01,best dental tourism mexico,0,1,0,68
2024-09-25,2024-10-01,best dentist mexico city,0,1,0,53
2024-09-25,2024-10-01,best dentists in mexico,0,2,0,91.5
2024-09-25,2024-10-01,best hotels in polanco mexico city,0,2,0,69.5
2024-09-25,2024-10-01,best hotels in roma norte,0,1,0,59
2024-09-25,2024-10-01,best hotels polanco mexico city,0,1,0,71
2024-09-25,2024-10-01,best hotels roma norte,0,3,0,51
2024-09-25,2024-10-01,best place in mexico for dental implants,0,4,0,94.25
2024-09-25,2024-10-01,dental tourism in mexico,0,1,0,83
2024-09-25,2024-10-01,dental tourism mexico city,0,11,0,12.272727272727273
2024-09-25,2024-10-01,dental tourism packages in mexico,0,3,0,77.33333333333333
2024-09-25,2024-10-01,dentist city mexico,0,2,0,65
2024-09-25,2024-10-01,dentist in mexico city,0,4,0,61
2024-09-25,2024-10-01,dentist mexico city,0,5,0,44.6
2024-09-25,2024-10-01,medical tourism mexico city,0,1,0,100
2024-09-25,2024-10-01,mexico as dental holiday destination,0,2,0,100
2024-09-25,2024-10-01,mexico city dental tourism,0,11,0,13.272727272727273
2024-09-25,2024-10-01,mexico city dentist,0,1,0,54
2024-09-25,2024-10-01,mexico city dentist prices,0,2,0,94
2024-09-25,2024-10-01,mexico city financial district hotel,0,5,0,67.4
2024-09-25,2024-10-01,mexico dental tourism hotels,0,4,0,8.5
2024-09-25,2024-10-01,mexico dentist city,0,6,0,65.5
2024-09-25,2024-10-01,mexico dentist town,0,5,0,85.6
2024-09-25,2024-10-01,top dental cities in mexico,0,4,0,65.25
2024-10-02,2024-10-08,beautiful hotels in mexico city,0,4,0,77.75
2024-10-02,2024-10-08,best city in mexico for dental work,0,11,0,53.27272727272727
2024-10-02,2024-10-08,best dental tourism mexico,0,1,0,75
2024-10-02,2024-10-08,best dentist in mexico city,0,3,0,50
2024-10-02,2024-10-08,best dentist mexico city,0,1,0,21
2024-10-02,2024-10-08,best dentists in mexico,0,1,0,91
2024-10-02,2024-10-08,best hotels in polanco,0,1,0,72
2024-10-02,2024-10-08,best hotels in polanco mexico city,0,4,0,72
2024-10-02,2024-10-08,best hotels in roma norte,0,9,0,52.888888888888886
2024-10-02,2024-10-08,best hotels in roma norte mexico city,0,5,0,62.6
2024-10-02,2024-10-08,best hotels mexico city roma norte,0,1,0,59
2024-10-02,2024-10-08,best hotels polanco mexico city,0,1,0,67
2024-10-02,2024-10-08,best place in mexico for dental implants,0,6,0,90.66666666666667
2024-10-02,2024-10-08,best place in mexico for dental work,0,1,0,74
2024-10-02,2024-10-08,beverly hills of mexico city,0,9,0,49.55555555555556
2024-10-02,2024-10-08,dental mexico city,0,1,0,57
2024-10-02,2024-10-08,dental tourism mexico city,0,15,0,11.666666666666666
2024-10-02,2024-10-08,dental town mexico,0,8,0,76.5
2024-10-02,2024-10-08,dentist city mexico,0,4,0,87.75
2024-10-02,2024-10-08,dentist in mexico city,0,3,0,45.333333333333336
2024-10-02,2024-10-08,dentist mexico city,0,3,0,43.666666666666664
2024-10-02,2024-10-08,dentist town mexico,0,1,0,79
2024-10-02,2024-10-08,dentists in mexico city,0,2,0,52
2024-10-02,2024-10-08,dentists mexico city,0,1,0,47
2024-10-02,2024-10-08,hotel rooms near financial district mexico city,0,1,0,58
2024-10-02,2024-10-08,mexican dental city,0,1,0,98
2024-10-02,2024-10-08,mexico as dental holiday destination,0,1,0,91
2024-10-02,2024-10-08,mexico city dental implants,0,1,0,81
2024-10-02,2024-10-08,mexico city dental tourism,0,13,0,26
2024-10-02,2024-10-08,mexico city dentist prices,0,1,0,87
2024-10-02,2024-10-08,mexico city financial district hotel,0,6,0,66
2024-10-02,2024-10-08,mexico dentist city,0,13,0,63.46153846153846
2024-10-02,2024-10-08,nicest hotels in mexico city,0,1,0,94
2024-10-02,2024-10-08,reputable dentist in mexico,0,2,0,98.5
2024-10-02,2024-10-08,roma norte best hotels,0,1,0,56
2024-10-02,2024-10-08,top dental cities in mexico,0,5,0,50.6
2024-10-02,2024-10-08,top dentist in mexico,0,1,0,99
2024-10-02,2024-10-08,veneers cost in mexico city,0,4,0,69.5
2024-10-02,2024-10-08,veneers mexico city,0,9,0,36.44444444444444
2024-10-09,2024-10-15,beautiful hotels in mexico city,0,5,0,91.6
2024-10-09,2024-10-15,best city in mexico for dental work,0,14,0,53
2024-10-09,2024-10-15,best dental tourism mexico,0,1,0,74
2024-10-09,2024-10-15,best dentist in mexico city,0,1,0,52
2024-10-09,2024-10-15,best dentist mexico city,0,3,0,33.333333333333336
2024-10-09,2024-10-15,best hotels in roma norte,0,10,0,54.7
2024-10-09,2024-10-15,best hotels polanco mexico city,0,2,0,70.5
2024-10-09,2024-10-15,best hotels roma norte,0,1,0,51
2024-10-09,2024-10-15,best place in mexico for dental implants,0,6,0,92
2024-10-09,2024-10-15,best place in mexico for dental work,0,1,0,80
2024-10-09,2024-10-15,beverly hills of mexico city,0,9,0,50.888888888888886
2024-10-09,2024-10-15,dental tourism mexico city,0,14,0,11.642857142857142
2024-10-09,2024-10-15,dental town mexico,0,12,0,79.66666666666667
2024-10-09,2024-10-15,dentist city mexico,0,1,0,66
2024-10-09,2024-10-15,dentist town mexico,0,1,0,78
2024-10-09,2024-10-15,medical tourism mexico city,0,1,0,96
2024-10-09,2024-10-15,mexico city dental implants,0,1,0,75
2024-10-09,2024-10-15,mexico city dental tourism,0,5,0,24.8
2024-10-09,2024-10-15,mexico city dentist prices,0,1,0,93
2024-10-09,2024-10-15,mexico city financial district hotel,0,10,0,71.3
2024-10-09,2024-10-15,mexico dentist city,0,14,0,65
2024-10-09,2024-10-15,top dental cities in mexico,0,10,0,57.3
2024-10-09,2024-10-15,veneers cost in mexico city,0,2,0,71
2024-10-09,2024-10-15,veneers mexico city,0,8,0,34.5
2024-10-16,2024-10-22,beautiful hotels in mexico city,0,7,0,74.14285714285714
2024-10-16,2024-10-22,best city in mexico for dental work,0,13,0,53.69230769230769
2024-10-16,2024-10-22,best dental tourism mexico,0,2,0,75
2024-10-16,2024-10-22,best dentist mexico city,0,1,0,46
2024-10-16,2024-10-22,best hotels in roma norte,0,7,0,54.285714285714285
2024-10-16,2024-10-22,best hotels in roma norte mexico city,0,2,0,64.5
2024-10-16,2024-10-22,best mexico dentist,0,1,0,94
2024-10-16,2024-10-22,best place in mexico for dental implants,0,5,0,90
2024-10-16,2024-10-22,beverly hills of mexico city,0,5,0,54.8
2024-10-16,2024-10-22,dental tourism in mexico,0,1,0,99
2024-10-16,2024-10-22,dental tourism mexico city,0,5,0,11.4
2024-10-16,2024-10-22,dental town mexico,0,11,0,76.45454545454545
2024-10-16,2024-10-22,dentist town mexico,0,1,0,72
2024-10-16,2024-10-22,hotel near mexico city's top neighborhoods,0,1,0,76
2024-10-16,2024-10-22,mexico as dental holiday destination,0,1,0,63
2024-10-16,2024-10-22,mexico city dental tourism,0,14,0,21.571428571428573
2024-10-16,2024-10-22,mexico city dentist,0,2,0,49.5
2024-10-16,2024-10-22,mexico city financial district hotel,0,14,0,67.35714285714286
2024-10-16,2024-10-22,mexico dentist city,0,9,0,63.44444444444444
2024-10-16,2024-10-22,nicest hotels in mexico city,0,1,0,87
2024-10-16,2024-10-22,reputable dentist in mexico,0,1,0,98
2024-10-16,2024-10-22,top dental cities in mexico,0,9,0,50.111111111111114
2024-10-16,2024-10-22,top dentist in mexico,0,3,0,99.33333333333333
2024-10-16,2024-10-22,veneers cost in mexico city,0,1,0,74
2024-10-16,2024-10-22,veneers mexico city,0,7,0,37.42857142857143
2024-10-23,2024-10-29,beautiful hotels in mexico city,0,17,0,75.52941176470588
2024-10-23,2024-10-29,best city in mexico for dental work,0,8,0,47.625
2024-10-23,2024-10-29,best dental tourism mexico,0,1,0,57
2024-10-23,2024-10-29,best hotels in mexico city roma norte,0,1,0,49
2024-10-23,2024-10-29,best hotels in roma norte,0,8,0,51.375
2024-10-23,2024-10-29,best hotels in roma norte mexico city,0,7,0,62.285714285714285
2024-10-23,2024-10-29,best hotels roma norte,0,1,0,52
2024-10-23,2024-10-29,best place in mexico for dental implants,0,6,0,73.16666666666667
2024-10-23,2024-10-29,beverly hills of mexico city,0,7,0,55
2024-10-23,2024-10-29,comfort dental paseo,0,1,0,68
2024-10-23,2024-10-29,dental tourism in mexico,0,1,0,100
2024-10-23,2024-10-29,dental tourism mexico,0,1,0,78
2024-10-23,2024-10-29,dental tourism mexico city,0,4,0,11.5
2024-10-23,2024-10-29,dental tourism packages in mexico,0,1,0,60
2024-10-23,2024-10-29,dental town mexico,0,10,0,70.9
2024-10-23,2024-10-29,dentist city mexico,0,1,0,69
2024-10-23,2024-10-29,dentist in mexico city,0,1,0,48
2024-10-23,2024-10-29,hotel near mexico city's top neighborhoods,0,2,0,68.5
2024-10-23,2024-10-29,medical tourism in mexico city,0,4,0,98.25
2024-10-23,2024-10-29,mexico as dental holiday destination,0,5,0,65.8
2024-10-23,2024-10-29,mexico city dental implants,0,1,0,66
2024-10-23,2024-10-29,mexico city dental tourism,0,10,0,19.9
2024-10-23,2024-10-29,mexico city dentist,0,1,0,41
2024-10-23,2024-10-29,mexico city financial district hotel,0,14,0,69.57142857142857
2024-10-23,2024-10-29,mexico dentist city,0,8,0,60.5
2024-10-23,2024-10-29,mexico dentist town,0,2,0,89.5
2024-10-23,2024-10-29,reputable dentist in mexico,0,3,0,100.33333333333333
2024-10-23,2024-10-29,top dental cities in mexico,0,8,0,41.25
2024-10-23,2024-10-29,top dentist in mexico,0,1,0,96
2024-10-23,2024-10-29,veneers cost in mexico city,0,1,0,61
2024-10-23,2024-10-29,veneers in mexico city,0,1,0,33
2024-10-23,2024-10-29,veneers mexico city,0,1,0,32
2024-10-30,2024-11-05,beautiful hotels in mexico city,0,12,0,78.75
2024-10-30,2024-11-05,best city in mexico for dental work,0,2,0,44.5
2024-10-30,2024-11-05,best dentist in mexico city,0,1,0,53
2024-10-30,2024-11-05,best dentist mexico city,0,2,0,46.5
2024-10-30,2024-11-05,best hotels in roma norte,0,4,0,52.5
2024-10-30,2024-11-05,best hotels roma norte,0,2,0,45
2024-10-30,2024-11-05,best place in mexico for dental implants,0,2,0,96
2024-10-30,2024-11-05,beverly hills of mexico city,0,2,0,57.5
2024-10-30,2024-11-05,dental tourism mexico city,0,11,0,12.090909090909092
2024-10-30,2024-11-05,dental town mexico,0,5,0,76.4
2024-10-30,2024-11-05,dentist city mexico,0,1,0,66
2024-10-30,2024-11-05,dentist in mexico city,0,3,0,49.666666666666664
2024-10-30,2024-11-05,dentist mexico city,0,1,0,46
2024-10-30,2024-11-05,dentists in mexico city,0,1,0,44
2024-10-30,2024-11-05,hotel near mexico city's top neighborhoods,0,1,0,71
2024-10-30,2024-11-05,mexico city dental tourism,0,9,0,24.333333333333332
2024-10-30,2024-11-05,mexico city dentist prices,0,1,0,71
2024-10-30,2024-11-05,mexico city financial district hotel,0,3,0,65.66666666666667
2024-10-30,2024-11-05,mexico dentist city,0,4,0,63.75
2024-10-30,2024-11-05,top dental cities in mexico,0,5,0,52.4
2024-10-30,2024-11-05,veneers cost in mexico city,0,8,0,61.5
2024-10-30,2024-11-05,veneers in mexico city,0,1,0,45
2024-10-30,2024-11-05,veneers mexico city,0,1,0,44
2024-11-06,2024-11-12,beautiful hotels in mexico city,0,12,0,77.33333333333333
2024-11-06,2024-11-12,best dental tourism mexico,0,1,0,2
2024-11-06,2024-11-12,best hotels in roma norte,0,7,0,51.42857142857143
2024-11-06,2024-11-12,best place in mexico for dental implants,0,2,0,96.5
2024-11-06,2024-11-12,beverly hills of mexico city,0,2,0,59.5
2024-11-06,2024-11-12,comfort dental paseo,0,1,0,64
2024-11-06,2024-11-12,dental tourism mexico city,0,10,0,12.2
2024-11-06,2024-11-12,dental tourism packages in mexico,0,1,0,93
2024-11-06,2024-11-12,dental town mexico,0,6,0,77
2024-11-06,2024-11-12,dentist in mexico city,0,10,0,44.3
2024-11-06,2024-11-12,dentist mexico city,0,2,0,41
2024-11-06,2024-11-12,hotel near mexico city's top neighborhoods,0,2,0,78.5
2024-11-06,2024-11-12,mexico as dental holiday destination,0,2,0,96
2024-11-06,2024-11-12,mexico city dental implants,0,1,0,90
2024-11-06,2024-11-12,mexico city dental tourism,0,7,0,25.285714285714285
2024-11-06,2024-11-12,mexico city financial district hotel,0,1,0,75
2024-11-06,2024-11-12,mexico dental tourism hotels,0,3,0,7
2024-11-06,2024-11-12,mexico dentist city,0,1,0,65
2024-11-06,2024-11-12,the best hotels in mexico city,0,1,0,86
2024-11-06,2024-11-12,top dental cities in mexico,0,6,0,52.5
2024-11-06,2024-11-12,veneers cost in mexico city,0,9,0,64.22222222222223
2024-11-06,2024-11-12,veneers mexico city,0,1,0,40
2024-11-13,2024-11-19,beautiful hotels in mexico city,0,8,0,78.75
2024-11-13,2024-11-19,best dentist mexico city,0,3,0,29.666666666666668
2024-11-13,2024-11-19,best hotels in roma norte,0,6,0,53.166666666666664
2024-11-13,2024-11-19,best place in mexico for dental implants,0,3,0,97.66666666666667
2024-11-13,2024-11-19,beverly hills of mexico city,0,3,0,60.666666666666664
2024-11-13,2024-11-19,dental tourism mexico city,0,14,0,11.928571428571429
2024-11-13,2024-11-19,dental town mexico,0,9,0,75.22222222222223
2024-11-13,2024-11-19,dentists in mexico city,0,2,0,48.5
2024-11-13,2024-11-19,hotel near mexico city's top neighborhoods,0,1,0,73
2024-11-13,2024-11-19,medical tourism in mexico city,0,1,0,91
2024-11-13,2024-11-19,mexico city dental tourism,0,6,0,19
2024-11-13,2024-11-19,mexico city financial district hotel,0,4,0,75.5
2024-11-13,2024-11-19,mexico dental tourism hotels,0,2,0,8
2024-11-13,2024-11-19,mexico dentist city,0,3,0,60.333333333333336
2024-11-13,2024-11-19,top dental cities in mexico,0,8,0,45.5
2024-11-13,2024-11-19,veneers cost in mexico city,0,9,0,59
2024-11-13,2024-11-19,veneers cost mexico city,0,3,0,72.33333333333333
2024-11-13,2024-11-19,veneers in mexico city,0,2,0,40.5
2024-11-13,2024-11-19,veneers mexico city,0,2,0,46.5
2024-11-20,2024-11-26,beautiful hotels in mexico city,0,14,0,78.42857142857143
2024-11-20,2024-11-26,best dentist mexico city,0,2,0,25.5
2024-11-20,2024-11-26,best hotels in roma norte,0,1,0,52
2024-11-20,2024-11-26,best place in mexico for dental implants,0,1,0,99
2024-11-20,2024-11-26,dental tourism mexico city,0,18,0,12.055555555555555
2024-11-20,2024-11-26,dental town mexico,0,1,0,80
2024-11-20,2024-11-26,dentist in mexico city,0,9,0,45.55555555555556
2024-11-20,2024-11-26,dentist mexico city,0,2,0,47.5
2024-11-20,2024-11-26,hotel near mexico city's top neighborhoods,0,3,0,70.66666666666667
2024-11-20,2024-11-26,mexico city dental tourism,0,4,0,16.5
2024-11-20,2024-11-26,mexico city financial district hotel,0,14,0,70.92857142857143
2024-11-20,2024-11-26,mexico dentist city,0,2,0,63.5
2024-11-20,2024-11-26,top dental cities in mexico,0,9,0,41.77777777777778
2024-11-20,2024-11-26,veneers cost in mexico city,0,7,0,58.42857142857143
2024-11-20,2024-11-26,veneers cost mexico city,0,1,0,64
2024-11-20,2024-11-26,veneers in mexico city,0,1,0,43
2024-11-20,2024-11-26,veneers mexico city,0,2,0,33.5
2024-11-27,2024-12-03,beautiful hotels in mexico city,0,10,0,84.5
2024-11-27,2024-12-03,best dental tourism mexico,0,2,0,96
2024-11-27,2024-12-03,dental tourism mexico city,0,15,0,12.266666666666667
2024-11-27,2024-12-03,dentist in mexico city,0,7,0,47.285714285714285
2024-11-27,2024-12-03,mexico city dental tourism,0,1,0,18
2024-11-27,2024-12-03,mexico city financial district hotel,0,10,0,68.4
2024-11-27,2024-12-03,mexico city veneers,0,1,0,36
2024-11-27,2024-12-03,mexico dental tourism hotels,0,1,0,6
2024-11-27,2024-12-03,top dental cities in mexico,0,5,0,47.6
2024-11-27,2024-12-03,veneers cost in mexico city,0,7,0,54.285714285714285
2024-11-27,2024-12-03,veneers cost mexico city,0,11,0,68.45454545454545
2024-11-27,2024-12-03,veneers in mexico city,0,2,0,34
2024-11-27,2024-12-03,veneers mexico city,0,2,0,30
2024-12-04,2024-12-10,beautiful hotels in mexico city,0,7,0,88
2024-12-04,2024-12-10,best city in mexico for dental work,0,1,0,44
2024-12-04,2024-12-10,best dental tourism mexico,0,1,0,82
2024-12-04,2024-12-10,best dentist in mexico city,0,1,0,45
2024-12-04,2024-12-10,dental tourism mexico city,0,12,0,10.833333333333334
2024-12-04,2024-12-10,dentist in mexico city,0,24,0,47.416666666666664
2024-12-04,2024-12-10,dentist mexico city,0,2,0,42
2024-12-04,2024-12-10,hotel near mexico city's top neighborhoods,0,1,0,64
2024-12-04,2024-12-10,mexico as dental holiday destination,0,2,0,98.5
2024-12-04,2024-12-10,mexico city dental tourism,0,8,0,18.125
2024-12-04,2024-12-10,mexico city dentist,0,1,0,54
2024-12-04,2024-12-10,mexico city financial district hotel,0,11,0,72.54545454545455
2024-12-04,2024-12-10,mexico city veneers,0,1,0,32
2024-12-04,2024-12-10,top dental cities in mexico,0,7,0,40.142857142857146
2024-12-04,2024-12-10,veneers cost in mexico city,0,10,0,51.4
2024-12-04,2024-12-10,veneers cost mexico city,0,14,0,70.14285714285714
2024-12-04,2024-12-10,veneers in mexico city,0,2,0,39.5
2024-12-04,2024-12-10,veneers mexico city,0,1,0,31
2024-12-11,2024-12-17,best dental tourism mexico,0,1,0,53
2024-12-11,2024-12-17,best implants mexico,0,4,0,55.5
2024-12-11,2024-12-17,boutique hotel dental package,0,6,0,61.833333333333336
2024-12-11,2024-12-17,dental tourism all inclusive,0,9,0,60.666666666666664
2024-12-11,2024-12-17,dental tourism all-inclusive,0,16,0,61.9375
2024-12-11,2024-12-17,dental tourism mexico city,0,5,0,12.6
2024-12-11,2024-12-17,hotel rooms near financial district mexico city,0,1,0,53
2024-12-11,2024-12-17,medical tourism in mexico city,0,6,0,56.666666666666664
2024-12-11,2024-12-17,mexico as dental holiday destination,0,1,0,63
2024-12-11,2024-12-17,mexico city dental tourism,0,8,0,21.875
2024-12-11,2024-12-17,mexico city financial district hotel,0,9,0,74.22222222222223
2024-12-11,2024-12-17,top dental cities in mexico,0,2,0,38
2024-12-11,2024-12-17,veneers cost in mexico city,0,3,0,69
2024-12-11,2024-12-17,veneers cost mexico city,0,8,0,74.25
2024-12-18,2024-12-24,best dental tourism mexico,0,2,0,54
2024-12-18,2024-12-24,best implants mexico,0,2,0,68.5
2024-12-18,2024-12-24,boutique hotel dental package,0,1,0,62
2024-12-18,2024-12-24,dental tourism all inclusive,0,6,0,59
2024-12-18,2024-12-24,dental tourism all-inclusive,0,5,0,59.6
2024-12-18,2024-12-24,dental tourism mexico city,0,1,0,12
2024-12-18,2024-12-24,dental tourism packages in mexico,0,1,0,52
2024-12-18,2024-12-24,hotel rooms near financial district mexico city,0,1,0,54
2024-12-18,2024-12-24,medical tourism in mexico city,0,3,0,70.66666666666667
2024-12-18,2024-12-24,mexico city dental tourism,0,7,0,21.428571428571427
2024-12-18,2024-12-24,mexico city financial district hotel,0,3,0,70.33333333333333
2024-12-18,2024-12-24,mexico dental tourism hotels,0,1,0,9
2024-12-18,2024-12-24,top dental cities in mexico,0,2,0,36
2024-12-18,2024-12-24,veneers cost in mexico city,0,5,0,79.4
2024-12-25,2024-12-31,best dental tourism mexico,0,1,0,63
2024-12-25,2024-12-31,best dentist mexico city,0,1,0,50
2024-12-25,2024-12-31,dental tourism all inclusive,0,2,0,64.5
2024-12-25,2024-12-31,dental tourism all-inclusive,0,4,0,62.75
2024-12-25,2024-12-31,dental tourism mexico city,0,1,0,11
2024-12-25,2024-12-31,dental tourism packages in mexico,0,1,0,46
2024-12-25,2024-12-31,medical tourism in mexico city,0,2,0,72.5
2024-12-25,2024-12-31,mexico city dental tourism,0,9,0,23.555555555555557
2024-12-25,2024-12-31,mexico city financial district hotel,0,7,0,77.57142857142857
2024-12-25,2024-12-31,mexico city veneers,0,6,0,49.666666666666664
2024-12-25,2024-12-31,top dental cities in mexico,0,3,0,43.666666666666664
2024-12-25,2024-12-31,veneers cost in mexico city,0,7,0,77.28571428571429
2024-12-25,2024-12-31,veneers cost mexico city,0,2,0,76
2024-12-25,2024-12-31,veneers in mexico city,0,7,0,50.142857142857146
2024-12-25,2024-12-31,veneers mexico city,0,1,0,43
2025-01-01,2025-01-07,best dental tourism mexico,0,1,0,58
2025-01-01,2025-01-07,dental tourism all inclusive,0,1,0,79
2025-01-01,2025-01-07,dental tourism all-inclusive,0,2,0,74.5
2025-01-01,2025-01-07,dental tourism mexico city,0,3,0,17.333333333333332
2025-01-01,2025-01-07,dental tourism packages in mexico,0,3,0,49
2025-01-01,2025-01-07,dentist in mexico city,0,2,0,39
2025-01-01,2025-01-07,mexico city dental tourism,0,13,0,23.307692307692307
2025-01-01,2025-01-07,mexico city financial district hotel,0,4,0,74.25
2025-01-01,2025-01-07,mexico dental tourism hotels,0,2,0,7
2025-01-01,2025-01-07,top dental cities in mexico,0,5,0,45
2025-01-01,2025-01-07,veneers cost in mexico city,0,3,0,73.66666666666667
2025-01-01,2025-01-07,veneers cost mexico city,0,4,0,77.25
2025-01-01,2025-01-07,veneers in mexico city,0,3,0,46.666666666666664
2025-01-08,2025-01-14,best dental tourism mexico,0,1,0,74
2025-01-08,2025-01-14,hotel rooms near financial district mexico city,0,2,0,60
2025-01-08,2025-01-14,mexican dentist town,0,1,0,1
2025-01-08,2025-01-14,mexico city dental tourism,0,10,0,24.9
2025-01-08,2025-01-14,mexico city financial district hotel,0,2,0,76
2025-01-08,2025-01-14,mexico city veneers,0,2,0,36.5
2025-01-08,2025-01-14,mexico dental tourism hotels,0,2,0,7
2025-01-08,2025-01-14,top dental cities in mexico,0,5,0,49.8
2025-01-08,2025-01-14,veneers cost in mexico city,0,5,0,75
2025-01-08,2025-01-14,veneers cost mexico city,0,19,0,72.21052631578948
2025-01-08,2025-01-14,veneers in mexico city,0,1,0,50
2025-01-15,2025-01-21,all inclusive dental implants mexico,0,1,0,66
2025-01-15,2025-01-21,best dental tourism mexico,0,1,0,90
2025-01-15,2025-01-21,dental tourism all inclusive,0,20,0,75.3
2025-01-15,2025-01-21,dental tourism mexico city,0,5,0,12.8
2025-01-15,2025-01-21,dentist in mexico city,0,2,0,48.5
2025-01-15,2025-01-21,hotel rooms near financial district mexico city,0,1,0,60
2025-01-15,2025-01-21,mexican dentist town,0,1,0,92
2025-01-15,2025-01-21,mexico city dental tourism,0,8,0,24.125
2025-01-15,2025-01-21,mexico city financial district hotel,0,3,0,84.66666666666667
2025-01-15,2025-01-21,mexico city veneers,0,7,0,40.142857142857146
2025-01-15,2025-01-21,top dental cities in mexico,0,15,0,53.266666666666666
2025-01-15,2025-01-21,veneers cost in mexico city,0,8,0,79.125
2025-01-15,2025-01-21,veneers cost mexico city,0,10,0,80.9
2025-01-15,2025-01-21,veneers in mexico city,0,1,0,43
2025-01-15,2025-01-21,veneers mexico city,0,1,0,46
2025-01-22,2025-01-28,all inclusive dental implants mexico,0,1,0,63
2025-01-22,2025-01-28,all-inclusive dental vacation mexico,0,1,0,21
2025-01-22,2025-01-28,beautiful hotels in mexico city,0,1,0,91
2025-01-22,2025-01-28,best dentist in mexico city,0,1,0,43
2025-01-22,2025-01-28,best dentists mexico,0,1,0,49
2025-01-22,2025-01-28,dental tourism all inclusive,0,12,0,65.41666666666667
2025-01-22,2025-01-28,dental tourism all-inclusive,0,6,0,67.66666666666667
2025-01-22,2025-01-28,dental tourism mexico city,0,2,0,18
2025-01-22,2025-01-28,dental vacation in mexico,0,1,0,26
2025-01-22,2025-01-28,dentist in mexico city,0,2,0,43
2025-01-22,2025-01-28,dentist mexico city,0,4,0,44
2025-01-22,2025-01-28,mexico city dental tourism,0,9,0,25.22222222222222
2025-01-22,2025-01-28,mexico city veneers,0,7,0,42.57142857142857
2025-01-22,2025-01-28,mexico dental tourism hotels,0,2,0,6.5
2025-01-22,2025-01-28,top dental cities in mexico,0,1,0,46
2025-01-22,2025-01-28,veneers cost in mexico city,0,5,0,87.6
2025-01-22,2025-01-28,veneers cost mexico city,0,4,0,73.75
2025-01-22,2025-01-28,veneers in mexico city,0,2,0,39
2025-01-22,2025-01-28,veneers mexico city,0,5,0,34.8
2025-01-29,2025-02-04,dental tourism all inclusive,0,7,0,62.714285714285715
2025-01-29,2025-02-04,dental tourism all-inclusive,0,4,0,63.25
2025-01-29,2025-02-04,dental tourism mexico city,0,2,0,13.5
2025-01-29,2025-02-04,dental tourists,0,2,0,24.5
2025-01-29,2025-02-04,dentist in mexico city,0,3,0,37.333333333333336
2025-01-29,2025-02-04,dentist mexico city,0,2,0,45.5
2025-01-29,2025-02-04,mexico city dental tourism,0,11,0,24.181818181818183
2025-01-29,2025-02-04,mexico city financial district hotel,0,4,0,96
2025-01-29,2025-02-04,mexico city veneers,0,8,0,40
2025-01-29,2025-02-04,top dental cities in mexico,0,1,0,43
2025-01-29,2025-02-04,veneers cost in mexico city,0,7,0,81.28571428571429
2025-01-29,2025-02-04,veneers cost mexico city,0,3,0,80.33333333333333
2025-01-29,2025-02-04,veneers in mexico city,0,1,0,48
2025-01-29,2025-02-04,veneers mexico city,0,1,0,35
2025-02-05,2025-02-11,best dental tourism mexico,0,1,0,82
2025-02-05,2025-02-11,dental tourism all-inclusive,0,1,0,76
2025-02-05,2025-02-11,dental tourism mexico city,0,2,0,16
2025-02-05,2025-02-11,dentist travel,0,1,0,38
2025-02-05,2025-02-11,hoteles cerca de hospital angeles acoxpa,0,1,0,64
2025-02-05,2025-02-11,mexico city dental tourism,0,16,0,24.1875
2025-02-05,2025-02-11,mexico city veneers,0,9,0,37.888888888888886
2025-02-05,2025-02-11,veneers cost in mexico city,0,8,0,75.25
2025-02-05,2025-02-11,veneers cost mexico city,0,5,0,80.2
2025-02-05,2025-02-11,veneers in mexico city,0,4,0,51.25
2025-02-05,2025-02-11,veneers mexico city,0,1,0,50
2025-02-12,2025-02-18,best dental tourism mexico,0,1,0,58
2025-02-12,2025-02-18,dental tourism all inclusive,0,1,0,82
2025-02-12,2025-02-18,dental tourism all-inclusive,0,3,0,63
2025-02-12,2025-02-18,dental tourism mexico city,0,3,0,13
2025-02-12,2025-02-18,hotel dental,0,1,0,7
2025-02-12,2025-02-18,hoteles cerca de hospital angeles acoxpa,0,1,0,67
2025-02-12,2025-02-18,mexico city dental tourism,0,7,0,24
2025-02-12,2025-02-18,mexico city veneers,0,10,0,37.3
2025-02-12,2025-02-18,top dental cities in mexico,0,1,0,43
2025-02-12,2025-02-18,veneers in mexico city,0,3,0,45.333333333333336
2025-02-12,2025-02-18,veneers mexico city,0,2,0,34.5
2025-02-19,2025-02-25,best dental tourism mexico,0,1,0,94
2025-02-19,2025-02-25,dental tourism all inclusive,0,8,0,85.125
2025-02-19,2025-02-25,dental tourism all-inclusive,0,9,0,88.66666666666667
2025-02-19,2025-02-25,dental tourism mexico city,0,3,0,24.333333333333332
2025-02-19,2025-02-25,hoteles cerca de hospital angeles acoxpa,0,1,0,53
2025-02-19,2025-02-25,medical tourism mexico dental,0,1,0,49
2025-02-19,2025-02-25,mexico city dental tourism,0,10,0,26.7
2025-02-19,2025-02-25,mexico city veneers,0,7,0,36.57142857142857
2025-02-19,2025-02-25,veneers in mexico city,0,2,0,58.5
2025-02-19,2025-02-25,veneers mexico city,0,2,0,27
2025-02-26,2025-03-04,best dental tourism mexico,0,1,0,72
2025-02-26,2025-03-04,dentists in mexico city,0,1,0,45
2025-02-26,2025-03-04,medical tourism dental mexico,0,5,0,90.8
2025-02-26,2025-03-04,mexico city dental tourism,0,16,0,26.375
2025-02-26,2025-03-04,mexico city veneers,0,9,0,37.55555555555556
2025-02-26,2025-03-04,veneers in mexico city,0,2,0,48
2025-02-26,2025-03-04,veneers mexico city,0,2,0,38.5
2025-03-05,2025-03-11,dental tourism mexico city,0,1,0,19
2025-03-05,2025-03-11,mexico city dental tourism,0,9,0,25.333333333333332
2025-03-05,2025-03-11,mexico city veneers,0,9,0,35.77777777777778
2025-03-05,2025-03-11,veneers in mexico city,0,1,0,48
2025-03-12,2025-03-18,best dentist mexico city,0,1,0,46
2025-03-12,2025-03-18,dental tourism mexico city,0,1,0,24
2025-03-12,2025-03-18,medical tourism in mexico city,0,1,0,50
2025-03-12,2025-03-18,mexico city dental tourism,0,11,0,22.727272727272727
2025-03-12,2025-03-18,mexico city veneers,0,11,0,44.63636363636363
2025-03-12,2025-03-18,odontologo near me,0,1,0,1
2025-03-12,2025-03-18,safest neighborhoods mexico city,0,1,0,1
2025-03-12,2025-03-18,veneers in mexico city,0,1,0,47
2025-03-12,2025-03-18,veneers mexico city,0,1,0,41
2025-03-19,2025-03-25,dental hotel,0,1,0,7
2025-03-19,2025-03-25,dental tourism mexico city,0,4,0,25.5
2025-03-19,2025-03-25,dental tourists,0,1,0,26
2025-03-19,2025-03-25,mexico city dental tourism,0,1,0,27
2025-03-19,2025-03-25,mexico city veneers,0,7,0,43.285714285714285
2025-03-19,2025-03-25,veneers in mexico city,0,1,0,38
2025-03-26,2025-04-01,dental tourism mexico city,0,3,0,26.666666666666668
2025-03-26,2025-04-01,dental tourists,0,2,0,20.5
2025-03-26,2025-04-01,medical tourism mexico dental,0,4,0,83.5
2025-03-26,2025-04-01,mexico city veneers,0,8,0,39.625
2025-03-26,2025-04-01,veneers in mexico city,0,2,0,51.5
2025-04-02,2025-04-08,areas of mexico city,0,3,0,1
2025-04-02,2025-04-08,best area to stay in mexico city for tourists,0,2,0,1
2025-04-02,2025-04-08,best city in mexico for dental work,0,1,0,57
2025-04-02,2025-04-08,best hotel location in mexico city,0,7,0,1
2025-04-02,2025-04-08,dental tourism mexico city,0,4,0,25
2025-04-02,2025-04-08,dentist in mexico city,0,1,0,50
2025-04-02,2025-04-08,evaluate the hospitality and hotels company autograph collection on affordable hotel rooms mexico city,0,1,0,8
2025-04-02,2025-04-08,evaluate the hospitality and hotels company autograph collection on luxury hotel stays mexico city,0,2,0,11
2025-04-02,2025-04-08,evaluate the hospitality and hotels company autograph collection on on-site restaurants and bars mexico city,0,2,0,8.5
2025-04-02,2025-04-08,mexico city best neighborhoods to stay,0,2,0,1
2025-04-02,2025-04-08,mexico city dental tourism,0,15,0,27.133333333333333
2025-04-02,2025-04-08,mexico city veneers,0,9,0,48.333333333333336
2025-04-02,2025-04-08,nice areas of mexico city,0,2,0,1
2025-04-02,2025-04-08,top dental cities in mexico,0,6,0,36.5
2025-04-02,2025-04-08,top things to do in polanco mexico city,0,1,0,1
2025-04-02,2025-04-08,veneers cost mexico city,0,1,0,93
2025-04-02,2025-04-08,veneers in mexico city,0,6,0,51
2025-04-02,2025-04-08,veneers mexico city,0,1,0,71
2025-04-09,2025-04-15,best hotel location in mexico city,0,25,0,1
2025-04-09,2025-04-15,dental tourism mexico city,0,3,0,35.666666666666664
2025-04-09,2025-04-15,evaluate the hospitality and hotels company autograph collection on affordable hotel rooms mexico city,0,1,0,6
2025-04-09,2025-04-15,evaluate the hospitality and hotels company autograph collection on boutique hotel experience mexico city,0,1,0,10
2025-04-09,2025-04-15,mexico city dental tourism,0,18,0,28.666666666666668
2025-04-09,2025-04-15,mexico city nice areas,0,1,0,1
2025-04-09,2025-04-15,mexico city veneers,0,8,0,45.5
2025-04-09,2025-04-15,top dental cities in mexico,0,3,0,37
2025-04-09,2025-04-15,veneers in mexico city,0,1,0,45
2025-04-09,2025-04-15,veneers mexico city,0,4,0,44.75
2025-04-16,2025-04-22,best dentist mexico city,0,1,0,72
2025-04-16,2025-04-22,dental tourism mexico city,0,2,0,23
2025-04-16,2025-04-22,dentist hotel,0,1,0,100
2025-04-16,2025-04-22,evaluate the hospitality and hotels company autograph collection on affordable hotel rooms mexico city,0,2,0,4.5
2025-04-16,2025-04-22,mexico city dental tourism,0,3,0,30.333333333333332
2025-04-16,2025-04-22,mexico city veneers,0,1,0,43
2025-04-16,2025-04-22,things to see in polanco mexico city,0,1,0,1
2025-04-23,2025-04-29,best areas to stay in mexico city,0,1,0,1
2025-04-23,2025-04-29,best dental tourism mexico,0,1,0,82
2025-04-23,2025-04-29,dental tourism mexico city,0,2,0,24.5
2025-04-23,2025-04-29,evaluate the hospitality and hotels company autograph collection on affordable hotel rooms mexico city,0,14,0,8.285714285714285
2025-04-23,2025-04-29,mexico city dental tourism,0,4,0,32.5
2025-04-23,2025-04-29,veneers in mexico city,0,3,0,52
2025-04-23,2025-04-29,veneers mexico city,0,1,0,59
2025-04-30,2025-05-06,best dental tourism mexico,0,1,0,90
2025-04-30,2025-05-06,dental tourism mexico city,0,2,0,14
2025-04-30,2025-05-06,dentists in mexico city,0,2,0,48.5
2025-04-30,2025-05-06,evaluate the hospitality and hotels company autograph collection on affordable hotel rooms mexico city,0,9,0,10.555555555555555
2025-04-30,2025-05-06,evaluate the hospitality and hotels company autograph collection on boutique hotel experience mexico city,0,3,0,10.333333333333334
2025-04-30,2025-05-06,evaluate the hospitality and hotels company hyatt on dining options mexico city,0,1,0,10
2025-04-30,2025-05-06,hotel dental,0,1,0,4
2025-04-30,2025-05-06,hoteles cerca de hospital angeles acoxpa,0,13,0,42.76923076923077
2025-04-30,2025-05-06,mexico city dental tourism,0,10,0,24.4
2025-04-30,2025-05-06,mexico city veneers,0,1,0,46
2025-04-30,2025-05-06,veneers in mexico city,0,2,0,50.5
2025-04-30,2025-05-06,veneers mexico city,0,2,0,47
2025-05-07,2025-05-13,best dental tourism mexico,0,2,0,88.5
2025-05-07,2025-05-13,dental tourism mexico city,0,3,0,24
2025-05-07,2025-05-13,evaluate the hospitality & hotels company autograph collection on boutique hotel experience mexico city,0,1,0,11
2025-05-07,2025-05-13,evaluate the hospitality and hotels company autograph collection on affordable hotel rooms mexico city,0,3,0,10.666666666666666
2025-05-07,2025-05-13,hoteles cerca de hospital angeles acoxpa,0,6,0,42
2025-05-07,2025-05-13,mexico city dental,0,1,0,62
2025-05-07,2025-05-13,mexico city dental tourism,0,19,0,26.894736842105264
2025-05-07,2025-05-13,mexico city veneers,0,7,0,45.714285714285715
2025-05-07,2025-05-13,veneers in mexico city,0,2,0,47
2025-05-07,2025-05-13,veneers mexico city,0,5,0,40
2025-05-14,2025-05-20,all-inclusive dental vacation mexico,0,1,0,59
2025-05-14,2025-05-20,dental tourism mexico city,0,2,0,20
2025-05-14,2025-05-20,evaluate the hospitality and hotels company autograph collection on affordable hotel rooms mexico city,0,19,0,10.263157894736842
2025-05-14,2025-05-20,hotel denta,0,1,0,6
2025-05-14,2025-05-20,hoteles cerca de hospital angeles acoxpa,0,6,0,32.16666666666667
2025-05-14,2025-05-20,mexico city dental tourism,0,12,0,24
2025-05-14,2025-05-20,veneers in mexico city,0,5,0,48.6
2025-05-14,2025-05-20,veneers mexico city,0,1,0,45
2025-05-21,2025-05-27,best dental tourism mexico,0,1,0,56
2025-05-21,2025-05-27,best dentist in mexico city,0,2,0,37.5
2025-05-21,2025-05-27,best dentist mexico city,0,1,0,39
2025-05-21,2025-05-27,dental clinics in mexico city,0,2,0,57.5
2025-05-21,2025-05-27,dental implants in mexico city,0,1,0,71
2025-05-21,2025-05-27,dental tourism all-inclusive,0,1,0,99
2025-05-21,2025-05-27,dentist in mexico city,0,7,0,27.285714285714285
2025-05-21,2025-05-27,dentist mexico city,0,1,0,32
2025-05-21,2025-05-27,evaluate the hospitality & hotels company autograph collection on prime location mexico city,0,2,0,9
2025-05-21,2025-05-27,evaluate the hospitality and hotels company autograph collection on affordable hotel rooms mexico city,0,17,0,9.941176470588236
2025-05-21,2025-05-27,evaluate the hospitality and hotels company autograph collection on boutique hotel experience mexico city,0,1,0,11
2025-05-21,2025-05-27,evaluate the hospitality and hotels company four seasons on dining options mexico city,0,1,0,10
2025-05-21,2025-05-27,evaluate the hospitality and hotels company hyatt on business travel accommodations mexico city,0,1,0,11
2025-05-21,2025-05-27,hotel dental,0,1,0,91
2025-05-21,2025-05-27,hoteles cerca de hospital angeles acoxpa,0,6,0,31
2025-05-21,2025-05-27,mexico city dental implants,0,3,0,38
2025-05-21,2025-05-27,mexico city dental tourism,0,10,0,18.6
2025-05-21,2025-05-27,mexico city dentist,0,2,0,31.5
2025-05-21,2025-05-27,mexico city veneers,0,1,0,67
2025-05-21,2025-05-27,oasis dental group los algodones reviews,0,1,0,50
2025-05-21,2025-05-27,veneers in mexico city,0,1,0,61
2025-05-21,2025-05-27,veneers mexico city,0,2,0,48
2025-05-28,2025-06-03,all-inclusive dental vacation mexico,0,3,0,79
2025-05-28,2025-06-03,best dentist in mexico city,0,2,0,52
2025-05-28,2025-06-03,best dentist mexico city,0,3,0,23
2025-05-28,2025-06-03,best hotel dining options mexico city,0,1,0,74
2025-05-28,2025-06-03,dental hotel,0,1,0,64
2025-05-28,2025-06-03,dental mexico city,0,1,0,51
2025-05-28,2025-06-03,dental spa mexico,0,1,0,80
2025-05-28,2025-06-03,dental tourism all inclusive,0,1,0,98
2025-05-28,2025-06-03,dental tourism all-inclusive,0,1,0,101
2025-05-28,2025-06-03,dental tourism mexico city,0,1,0,28
2025-05-28,2025-06-03,dentist in mexico city,0,9,0,38.22222222222222
2025-05-28,2025-06-03,dentist mexico city,0,2,0,55.5
2025-05-28,2025-06-03,evaluate the hospitality and hotels company autograph collection on affordable hotel rooms mexico city,0,8,0,9.875
2025-05-28,2025-06-03,hotel dent,0,1,0,78
2025-05-28,2025-06-03,hotel dental,0,2,0,93
2025-05-28,2025-06-03,hotel punto mx,0,1,0,41
2025-05-28,2025-06-03,hotel with prime spot in mexico city,0,1,0,101
2025-05-28,2025-06-03,hoteles cerca de hospital angeles acoxpa,0,3,0,34.666666666666664
2025-05-28,2025-06-03,ideal dental mexico city,0,1,0,53
2025-05-28,2025-06-03,luxury hotels in mexico city prime location,0,2,0,52
2025-05-28,2025-06-03,mexico city dental tourism,0,8,0,29.25
2025-05-28,2025-06-03,mexico city dentist,0,2,0,44
2025-05-28,2025-06-03,mexico city hotels known for personal touches,0,1,0,61
2025-05-28,2025-06-03,st regis santa fe,0,1,0,68
2025-05-28,2025-06-03,top dental cities in mexico,0,1,0,45
2025-05-28,2025-06-03,veneers in mexico city,0,4,0,53.5
2025-05-28,2025-06-03,veneers mexico city,0,1,0,52
2025-06-04,2025-06-10,best dentist in mexico city,0,2,0,50.5
2025-06-04,2025-06-10,best neighborhoods to visit in mexico city,0,1,0,1
2025-06-04,2025-06-10,dental tourism mexico city,0,4,0,25.25
2025-06-04,2025-06-10,dentist in mexico city,0,6,0,40.833333333333336
2025-06-04,2025-06-10,dentist mexico city,0,1,0,63
2025-06-04,2025-06-10,evaluate the hospitality and hotels company autograph collection on affordable hotel rooms mexico city,0,19,0,8.789473684210527
2025-06-04,2025-06-10,evaluate the hospitality and hotels company autograph collection on boutique hotel experience mexico city,0,1,0,9
2025-06-04,2025-06-10,hotel with prime spot in mexico city,0,1,0,90
2025-06-04,2025-06-10,hoteles cerca de hospital angeles acoxpa,0,1,0,35
2025-06-04,2025-06-10,luxury hotels in mexico city prime location,0,4,0,46.5
2025-06-04,2025-06-10,mexico city dental,0,1,0,16
2025-06-04,2025-06-10,mexico city dental tourism,0,11,0,37.72727272727273
2025-06-04,2025-06-10,veneers mexico city,0,1,0,43
2025-06-11,2025-06-17,best dentist in mexico city,0,1,0,63
2025-06-11,2025-06-17,best dentist mexico city,0,2,0,56
2025-06-11,2025-06-17,dental tourism mexico city,0,2,0,44.5
2025-06-11,2025-06-17,hoteles cerca de hospital angeles acoxpa,0,1,0,37
2025-06-11,2025-06-17,ideal dental center mexico city,0,1,0,48
2025-06-11,2025-06-17,mexico city dental,0,1,0,18
2025-06-11,2025-06-17,mexico city dental tourism,0,8,0,55.5
2025-06-11,2025-06-17,mexico city neighborhoods to visit,0,3,0,1
2025-06-11,2025-06-17,mexico city veneers,0,3,0,60.666666666666664
2025-06-11,2025-06-17,veneers in mexico city,0,1,0,61
2025-06-11,2025-06-17,veneers mexico city,0,1,0,53
2025-06-18,2025-06-24,dental tourism mexico city,0,3,0,51
2025-06-18,2025-06-24,mexico city dental tourism,0,3,0,44.666666666666664
2025-06-18,2025-06-24,top hotels polanco,0,1,0,66
2025-06-18,2025-06-24,top personalized hotel experience in mexico city,0,1,0,90
2025-06-18,2025-06-24,veneers in mexico city,0,1,0,71
2025-06-25,2025-07-01,best neighbourhood to stay in mexico city,0,1,0,1
2025-06-25,2025-07-01,dental tourism mexico city,0,2,0,43.5
2025-06-25,2025-07-01,dentistas en mexico city,0,1,0,78
2025-06-25,2025-07-01,mexico city dental tourism,0,2,0,49.5
2025-06-25,2025-07-01,mexico city veneers,0,1,0,61
2025-06-25,2025-07-01,safe neighborhoods mexico city,0,1,0,1
2025-06-25,2025-07-01,veneers mexico city,0,3,0,64
